CREATE DATABASE IF NOT EXISTS Snowload;

USE Snowload;

CREATE TABLE province
(
    shorthand VARCHAR(2) PRIMARY KEY,
    name      VARCHAR(40) NOT NULL UNIQUE,
    zone      VARCHAR(3)  NOT NULL,
    base_load  DOUBLE      NOT NULL,
    CONSTRAINT zone_check CHECK (zone IN ('I-A', 'I-M', 'II', 'III')),
    CONSTRAINT load_check CHECK (base_load > 0.0)
);

CREATE TABLE city
(
    zip      VARCHAR(5)  NOT NULL,
    name     VARCHAR(40) NOT NULL,
    province VARCHAR(2)  NOT NULL,
    altitude NUMERIC     NOT NULL,
    CONSTRAINT citi_pk PRIMARY KEY (zip, name),
    CONSTRAINT city_in_province FOREIGN KEY (province)
        REFERENCES province (shorthand)
        ON UPDATE CASCADE
        ON DELETE RESTRICT
);

CREATE TABLE product
(
    code  VARCHAR(6) PRIMARY KEY,
    name  VARCHAR(40) NOT NULL,
    type   VARCHAR(10) NOT NULL,
    height VARCHAR(3) NOT NULL ,
    material VARCHAR(20) NOT NULL,
    image VARCHAR(80) NOT NULL,
    CONSTRAINT retainer_type_check CHECK (type IN ('Grid', 'Tube', 'Log')),
    CONSTRAINT retainer_height_check CHECK (height IN ('28','32','35','120','140','200', '250')),
    CONSTRAINT material_Check CHECK (material IN ('Zink Steel','Stainless Steel','Painted Steel','Aluminium','Copper'))
);

CREATE TABLE holder
(
    code           VARCHAR(6) PRIMARY KEY,
    resistance     DOUBLE      NOT NULL,
    roof_type       VARCHAR(20) NOT NULL,
    CONSTRAINT holder_resistance_check CHECK (resistance > 0.0),
    CONSTRAINT roof_type_check CHECK (roof_type IN ('concreteTile', 'flatTile', 'metalRoof', 'standingSeam', 'ondulatedPlate')),
    CONSTRAINT holder_in_product FOREIGN KEY (code)
        REFERENCES product (code)
        ON UPDATE CASCADE
        ON DELETE CASCADE
);

CREATE TABLE retainer
(
    code             VARCHAR(6) PRIMARY KEY,
    profile          VARCHAR(20) NOT NULL,
    CONSTRAINT retainer_in_product FOREIGN KEY (code)
        REFERENCES product (code)
        ON UPDATE CASCADE
        ON DELETE CASCADE
);

CREATE TABLE retainer_resistance
(
    retainer_code    VARCHAR(6) PRIMARY KEY,
    dist400             DOUBLE,
    dist500             DOUBLE,
    dist600             DOUBLE,
    dist700             DOUBLE,
    dist800             DOUBLE,
    dist900             DOUBLE,
    dist1000            DOUBLE,
    CONSTRAINT resistance_in_retainer FOREIGN KEY (retainer_code)
        REFERENCES retainer (code)
        ON UPDATE CASCADE
        ON DELETE CASCADE
);

INSERT INTO product VALUES
    ('040258', 'Tube', 'Log', '120', 'Aluminium', 'https://www.flender-flux.de/fileadmin/products/040258/2.jpg'),
    ('040259', 'Tube', 'Log', '120', 'Painted Steel', 'https://www.flender-flux.de/fileadmin/products/040259/2.jpg'),
    ('020046', 'Tube', 'Tube', '28', 'Copper', 'https://www.flender-flux.de/fileadmin/products/020046/2.jpg'),
    ('020017', 'Tube', 'Tube', '32', 'Aluminium', 'https://www.flender-flux.de/fileadmin/products/020017/2.jpg'),
    ('020042', 'Tube', 'Tube', '32', 'Painted Steel', 'https://www.flender-flux.de/fileadmin/products/020042/2.jpg'),
    ('020036', 'Tube', 'Tube', '35', 'Copper', 'https://www.flender-flux.de/fileadmin/products/020036/2.jpg'),
    ('020001', 'Grid Retainer', 'Grid', '200', 'Zink Steel', 'https://www.flender-flux.de/fileadmin/products/020001/2.jpg'),
    ('020019', 'Grid Retainer', 'Grid', '200', 'Painted Steel', 'https://www.flender-flux.de/fileadmin/products/020019/2.jpg'),
    ('020027', 'Grid Retainer', 'Grid', '200', 'Copper', 'https://www.flender-flux.de/fileadmin/products/020027/2.jpg'),
    ('020003', 'Grid Retainer', 'Grid', '200', 'Zink Steel', 'https://www.flender-flux.de/fileadmin/products/020003/2.jpg'),
    ('020020', 'Grid Retainer', 'Grid', '200', 'Painted Steel', 'https://www.flender-flux.de/fileadmin/products/020020/2.jpg'),
    ('020005', 'Grid Retainer', 'Grid', '200', 'Zink Steel', 'https://www.flender-flux.de/fileadmin/products/020005/2.jpg'),
    ('020006', 'Grid Retainer', 'Grid', '200', 'Zink Steel', 'https://www.flender-flux.de/fileadmin/products/020006/2.jpg'),
    ('020022', 'Grid Retainer', 'Grid', '200', 'Painted Steel', 'https://www.flender-flux.de/fileadmin/products/020022/2.jpg'),
    ('020028', 'Grid Retainer', 'Grid', '200', 'Copper', 'https://www.flender-flux.de/fileadmin/products/020028/2.jpg'),
    ('020007', 'Grid Retainer', 'Grid', '250', 'Zink Steel', 'https://www.flender-flux.de/fileadmin/products/020007/2.jpg'),
    ('020023', 'Grid Retainer', 'Grid', '250', 'Painted Steel', 'https://www.flender-flux.de/fileadmin/products/020023/2.jpg'),
    ('020045', 'Grid Retainer Royal-Color', 'Grid', '200', 'Painted Steel', 'https://www.flender-flux.de/fileadmin/products/020045/2.jpg'),
    ('020039', 'Grid Retainer Royal-Color', 'Grid', '200', 'Painted Steel', 'https://www.flender-flux.de/fileadmin/products/020039/2.jpg'),
    ('020040', 'Grid Retainer Royal-Color', 'Grid', '250', 'Painted Steel', 'https://www.flender-flux.de/fileadmin/products/020040/2.jpg'),
    ('030029', 'Nr. 59', 'Grid', '200', 'Zink Steel', 'https://www.flender-flux.de/fileadmin/products/030029/2.jpg'),
    ('030132', 'Nr. 59', 'Grid', '200', 'Painted Steel', 'https://www.flender-flux.de/fileadmin/products/030132/2.jpg'),
    ('030218', 'Nr. 59', 'Grid', '200', 'Copper', 'https://www.flender-flux.de/fileadmin/products/030218/2.jpg'),
    ('030214', 'Nr. 59', 'Grid', '200', 'Copper', 'https://www.flender-flux.de/fileadmin/products/030214/2.jpg'),
    ('030045', 'Nr. 61', 'Grid', '200', 'Zink Steel', 'https://www.flender-flux.de/fileadmin/products/030045/2.jpg'),
    ('030141', 'Nr. 61', 'Grid', '200', 'Painted Steel', 'https://www.flender-flux.de/fileadmin/products/030141/2.jpg'),
    ('030231', 'Nr. 61', 'Grid', '200', 'Copper', 'https://www.flender-flux.de/fileadmin/products/030231/2.jpg'),
    ('030048', 'Nr. 61', 'Grid', '250', 'Zink Steel', 'https://www.flender-flux.de/fileadmin/products/030048/2.jpg'),
    ('030142', 'Nr. 61', 'Grid', '250', 'Painted Steel', 'https://www.flender-flux.de/fileadmin/products/030142/2.jpg'),
    ('030049', 'Nr. 62', 'Grid', '200', 'Zink Steel', 'https://www.flender-flux.de/fileadmin/products/030049/2.jpg'),
    ('030143', 'Nr. 62', 'Grid', '200', 'Painted Steel', 'https://www.flender-flux.de/fileadmin/products/030143/2.jpg'),
    ('030234', 'Nr. 62', 'Grid', '200', 'Copper', 'https://www.flender-flux.de/fileadmin/products/030234/2.jpg'),
    ('030051', 'Nr. 62', 'Grid', '200', 'Zink Steel', 'https://www.flender-flux.de/fileadmin/products/030234/2.jpg'),
    ('030050', 'Nr. 62', 'Grid', '250', 'Zink Steel', 'https://www.flender-flux.de/fileadmin/products/030050/2.jpg'),
    ('030085', 'Nr. 69', 'Tube', '32', 'Zink Steel', 'https://www.flender-flux.de/fileadmin/products/030085/2.jpg'),
    ('030162', 'Nr. 69', 'Tube', '32', 'Painted Steel', 'https://www.flender-flux.de/fileadmin/products/030162/2.jpg'),
    ('030074', 'Nr. 73', 'Log', '140', 'Zink Steel', 'https://www.flender-flux.de/fileadmin/products/030074/2.jpg'),
    ('030155', 'Nr. 73', 'Log', '140', 'Painted Steel', 'https://www.flender-flux.de/fileadmin/products/030155/2.jpg'),
    ('030248', 'Nr. 73', 'Log', '140', 'Copper', 'https://www.flender-flux.de/fileadmin/products/030248/2.jpg'),
    ('030081', 'Nr. 75', 'Log', '140', 'Zink Steel', 'https://www.flender-flux.de/fileadmin/products/030081/2.jpg'),
    ('030160', 'Nr. 75', 'Log', '140', 'Painted Steel', 'https://www.flender-flux.de/fileadmin/products/030160/2.jpg'),
    ('030084', 'Nr. 76', 'Grid', '200', 'Zink Steel', 'https://www.flender-flux.de/fileadmin/products/030084/2.jpg'),
    ('030161', 'Nr. 76', 'Grid', '200', 'Painted Steel', 'https://www.flender-flux.de/fileadmin/products/030161/2.jpg'),
    ('030087', 'Nr. 76', 'Grid', '250', 'Zink Steel', 'https://www.flender-flux.de/fileadmin/products/030087/2.jpg'),
    ('030164', 'Nr. 76', 'Grid', '250', 'Painted Steel', 'https://www.flender-flux.de/fileadmin/products/030164/2.jpg'),
    ('030392', 'Nr. 173', 'Tube', '32', 'Zink Steel', 'https://www.flender-flux.de/fileadmin/products/030392/2.jpg'),
    ('030393', 'Nr. 173', 'Tube', '32', 'Painted Steel', 'https://www.flender-flux.de/fileadmin/products/030393/2.jpg'),
    ('030394', 'Nr. 174', 'Log', '140', 'Zink Steel', 'https://www.flender-flux.de/fileadmin/products/030394/2.jpg'),
    ('030395', 'Nr. 174', 'Log', '140', 'Painted Steel', 'https://www.flender-flux.de/fileadmin/products/030395/2.jpg'),
    ('030396', 'Nr. 175', 'Grid', '200', 'Zink Steel', 'https://www.flender-flux.de/fileadmin/products/030396/2.jpg'),
    ('030397', 'Nr. 175', 'Grid', '200', 'Painted Steel', 'https://www.flender-flux.de/fileadmin/products/030397/2.jpg'),
    ('030018', 'Nr. 55 B', 'Grid', '200', 'Zink Steel', 'https://www.flender-flux.de/fileadmin/products/030018/2.jpg'),
    ('030209', 'Nr. 55 B', 'Grid', '200', 'Copper', 'https://www.flender-flux.de/fileadmin/products/030209/2.jpg'),
    ('030301', 'Nr. 69 B', 'Tube', '32', 'Zink Steel', 'https://www.flender-flux.de/fileadmin/products/030301/2.jpg'),
    ('030307', 'Nr. 69 B', 'Tube', '32', 'Painted Steel', 'https://www.flender-flux.de/fileadmin/products/030307/2.jpg'),
    ('030304', 'Nr. 69 C', 'Tube', '32', 'Zink Steel', 'https://www.flender-flux.de/fileadmin/products/030304/2.jpg'),
    ('030310', 'Nr. 69 C', 'Tube', '32', 'Painted Steel', 'https://www.flender-flux.de/fileadmin/products/030310/2.jpg'),
    ('030302', 'Nr. 75 B', 'Log', '140', 'Zink Steel', 'https://www.flender-flux.de/fileadmin/products/030302/2.jpg'),
    ('030308', 'Nr. 75 B', 'Log', '140', 'Painted Steel', 'https://www.flender-flux.de/fileadmin/products/030308/2.jpg'),
    ('030305', 'Nr. 75 C', 'Log', '140', 'Zink Steel', 'https://www.flender-flux.de/fileadmin/products/030305/2.jpg'),
    ('030311', 'Nr. 75 C', 'Log', '140', 'Painted Steel', 'https://www.flender-flux.de/fileadmin/products/030311/2.jpg'),
    ('030303', 'Nr. 76 B', 'Grid', '200', 'Zink Steel', 'https://www.flender-flux.de/fileadmin/products/030303/2.jpg'),
    ('030309', 'Nr. 76 B', 'Grid', '200', 'Painted Steel', 'https://www.flender-flux.de/fileadmin/products/030309/2.jpg'),
    ('030374', 'Nr. 76 B', 'Grid', '250', 'Zink Steel', 'https://www.flender-flux.de/fileadmin/products/030374/2.jpg'),
    ('030375', 'Nr. 76 B', 'Grid', '250', 'Painted Steel', 'https://www.flender-flux.de/fileadmin/products/030375/2.jpg'),
    ('030306', 'Nr. 76 C', 'Grid', '200', 'Zink Steel', 'https://www.flender-flux.de/fileadmin/products/030306/2.jpg'),
    ('030312', 'Nr. 76 C', 'Grid', '200', 'Painted Steel', 'https://www.flender-flux.de/fileadmin/products/030312/2.jpg'),
    ('030376', 'Nr. 76 C', 'Grid', '250', 'Zink Steel', 'https://www.flender-flux.de/fileadmin/products/030376/2.jpg'),
    ('030377', 'Nr. 76 C', 'Grid', '250', 'Painted Steel', 'https://www.flender-flux.de/fileadmin/products/030377/2.jpg'),
    ('030421', 'Nr. 169 V', 'Tube', '32', 'Zink Steel', 'https://www.flender-flux.de/fileadmin/products/030421/2.jpg'),
    ('030423', 'Nr. 169 V', 'Tube', '32', 'Painted Steel', 'https://www.flender-flux.de/fileadmin/products/030423/2.jpg'),
    ('030409', 'Nr. 369 V', 'Tube', '32', 'Zink Steel', 'https://www.flender-flux.de/fileadmin/products/030409/2.jpg'),
    ('030411', 'Nr. 369 V', 'Tube', '32', 'Painted Steel', 'https://www.flender-flux.de/fileadmin/products/030411/2.jpg'),
    ('030413', 'Nr. 375 V', 'Log', '140', 'Zink Steel', 'https://www.flender-flux.de/fileadmin/products/030413/2.jpg'),
    ('030415', 'Nr. 375 V', 'Log', '140', 'Painted Steel', 'https://www.flender-flux.de/fileadmin/products/030413/2.jpg'),
    ('030417', 'Nr. 376 V', 'Grid', '200', 'Zink Steel', 'https://www.flender-flux.de/fileadmin/products/030417/2.jpg'),
    ('030419', 'Nr. 376 V', 'Grid', '200', 'Painted Steel', 'https://www.flender-flux.de/fileadmin/products/030417/2.jpg'),
    ('030387', 'Nr. 176 V ', 'Grid', '250', 'Zink Steel', 'https://www.flender-flux.de/fileadmin/products/030387/2.jpg'),
    ('030388', 'Nr. 176 V ', 'Grid', '250', 'Painted Steel', 'https://www.flender-flux.de/fileadmin/products/030388/2.jpg'),
    ('030094', 'Nr. 81', 'Grid', '200', 'Zink Steel', 'https://www.flender-flux.de/fileadmin/products/030094/2.jpg'),
    ('030168', 'Nr. 81', 'Grid', '200', 'Painted Steel', 'https://www.flender-flux.de/fileadmin/products/030168/2.jpg'),
    ('030256', 'Nr. 81', 'Grid', '200', 'Copper', 'https://www.flender-flux.de/fileadmin/products/030256/2.jpg'),
    ('030095', 'Nr. 81', 'Grid', '250', 'Zink Steel', 'https://www.flender-flux.de/fileadmin/products/030095/2.jpg'),
    ('030169', 'Nr. 81', 'Grid', '250', 'Painted Steel', 'https://www.flender-flux.de/fileadmin/products/030169/2.jpg'),
    ('030116', 'Nr. 151', 'Log', '140', 'Zink Steel', 'https://www.flender-flux.de/fileadmin/products/030116/2.jpg'),
    ('030184', 'Nr. 151', 'Log', '140', 'Painted Steel', 'https://www.flender-flux.de/fileadmin/products/030184/2.jpg'),
    ('030279', 'Nr. 151', 'Log', '140', 'Copper', 'https://www.flender-flux.de/fileadmin/products/030279/2.jpg'),
    ('030428', 'Nr. 161', 'Tube', '32', 'Zink Steel', 'https://www.flender-flux.de/fileadmin/products/030428/2.jpg'),
    ('030429', 'Nr. 161', 'Tube', '32', 'Painted Steel', 'https://www.flender-flux.de/fileadmin/products/030429/2.jpg'),
    ('030448', 'Nr. 81 V', 'Grid', '200', 'Zink Steel', 'https://www.flender-flux.de/fileadmin/products/030448/2.jpg'),
    ('030453', 'Nr. 81 V', 'Grid', '200', 'Painted Steel', 'https://www.flender-flux.de/fileadmin/products/030453/2.jpg'),
    ('030449', 'Nr. 81 V', 'Grid', '250', 'Zink Steel', 'https://www.flender-flux.de/fileadmin/products/030449/2.jpg'),
    ('030454', 'Nr. 81 V', 'Grid', '250', 'Painted Steel', 'https://www.flender-flux.de/fileadmin/products/030454/2.jpg'),
    ('030458', 'Nr. 85 V', 'Grid', '200', 'Zink Steel', 'https://www.flender-flux.de/fileadmin/products/030458/2.jpg'),
    ('030463', 'Nr. 85 V', 'Grid', '200', 'Painted Steel', 'https://www.flender-flux.de/fileadmin/products/030463/2.jpg'),
    ('030459', 'Nr. 85 V', 'Grid', '250', 'Zink Steel', 'https://www.flender-flux.de/fileadmin/products/030459/2.jpg'),
    ('030464', 'Nr. 85 V', 'Grid', '250', 'Painted Steel', 'https://www.flender-flux.de/fileadmin/products/030464/2.jpg'),
    ('030452', 'Nr. 151 V', 'Log', '140', 'Zink Steel', 'https://www.flender-flux.de/fileadmin/products/030452/2.jpg'),
    ('030457', 'Nr. 151 V', 'Log', '140', 'Painted Steel', 'https://www.flender-flux.de/fileadmin/products/030457/2.jpg'),
    ('030451', 'Nr. 161 V', 'Tube', '32', 'Zink Steel', 'https://www.flender-flux.de/fileadmin/products/030451/2.jpg'),
    ('030456', 'Nr. 161 V', 'Tube', '32', 'Painted Steel', 'https://www.flender-flux.de/fileadmin/products/030456/2.jpg'),
    ('030461', 'Nr. 166 V', 'Tube', '32', 'Zink Steel', 'https://www.flender-flux.de/fileadmin/products/030461/2.jpg'),
    ('030466', 'Nr. 166 V', 'Tube', '32', 'Painted Steel', 'https://www.flender-flux.de/fileadmin/products/030466/2.jpg'),
    ('030450', 'Nr. 81 PV', 'Grid', '250', 'Zink Steel', 'https://www.flender-flux.de/fileadmin/products/030450/2.jpg'),
    ('030455', 'Nr. 81 PV', 'Grid', '250', 'Painted Steel', 'https://www.flender-flux.de/fileadmin/products/030455/2.jpg'),
    ('030460', 'Nr. 85 PV', 'Grid', '250', 'Zink Steel', 'https://www.flender-flux.de/fileadmin/products/030460/2.jpg'),
    ('030465', 'Nr. 85 PV', 'Grid', '250', 'Painted Steel', 'https://www.flender-flux.de/fileadmin/products/030465/2.jpg'),
    ('030092', 'Nr. 80', 'Grid', '200', 'Zink Steel', 'https://www.flender-flux.de/fileadmin/products/030092/2.jpg'),
    ('030166', 'Nr. 80', 'Grid', '200', 'Painted Steel', 'https://www.flender-flux.de/fileadmin/products/030166/2.jpg'),
    ('030093', 'Nr. 80', 'Grid', '250', 'Zink Steel', 'https://www.flender-flux.de/fileadmin/products/030093/2.jpg'),
    ('030167', 'Nr. 80', 'Grid', '250', 'Painted Steel', 'https://www.flender-flux.de/fileadmin/products/030167/2.jpg'),
    ('030115', 'Nr. 150', 'Log', '140', 'Zink Steel', 'https://www.flender-flux.de/fileadmin/products/030115/2.jpg'),
    ('030183', 'Nr. 150', 'Log', '140', 'Painted Steel', 'https://www.flender-flux.de/fileadmin/products/030183/2.jpg'),
    ('030100', 'Nr. 84', 'Grid', '200', 'Zink Steel', 'https://www.flender-flux.de/fileadmin/products/030100/2.jpg'),
    ('030174', 'Nr. 84', 'Grid', '200', 'Painted Steel', 'https://www.flender-flux.de/fileadmin/products/030174/2.jpg'),
    ('030101', 'Nr. 84', 'Grid', '250', 'Zink Steel', 'https://www.flender-flux.de/fileadmin/products/030101/2.jpg'),
    ('030175', 'Nr. 84', 'Grid', '250', 'Painted Steel', 'https://www.flender-flux.de/fileadmin/products/030175/2.jpg'),
    ('030118', 'Nr. 154', 'Log', '140', 'Zink Steel', 'https://www.flender-flux.de/fileadmin/products/030118/2.jpg'),
    ('030186', 'Nr. 154', 'Log', '140', 'Painted Steel', 'https://www.flender-flux.de/fileadmin/products/030186/2.jpg'),
    ('030096', 'Nr. 82', 'Grid', '200', 'Zink Steel', 'https://www.flender-flux.de/fileadmin/products/030096/2.jpg'),
    ('030170', 'Nr. 82', 'Grid', '200', 'Painted Steel', 'https://www.flender-flux.de/fileadmin/products/030170/2.jpg'),
    ('030097', 'Nr. 82', 'Grid', '250', 'Zink Steel', 'https://www.flender-flux.de/fileadmin/products/030097/2.jpg'),
    ('030171', 'Nr. 82', 'Grid', '250', 'Painted Steel', 'https://www.flender-flux.de/fileadmin/products/030171/2.jpg'),
    ('030117', 'Nr. 152', 'Log', '140', 'Zink Steel', 'https://www.flender-flux.de/fileadmin/products/030117/2.jpg'),
    ('030185', 'Nr. 152', 'Log', '140', 'Painted Steel', 'https://www.flender-flux.de/fileadmin/products/030185/2.jpg'),
    ('030119', 'Nr. 158', 'Log', '140', 'Zink Steel', 'https://www.flender-flux.de/fileadmin/products/030119/2.jpg'),
    ('030187', 'Nr. 158', 'Log', '140', 'Painted Steel', 'https://www.flender-flux.de/fileadmin/products/030187/2.jpg'),
    ('030089', 'Nr. 77', 'Grid', '200', 'Zink Steel', 'https://www.flender-flux.de/fileadmin/products/030089/2.jpg'),
    ('030165', 'Nr. 77', 'Grid', '200', 'Painted Steel', 'https://www.flender-flux.de/fileadmin/products/030165/2.jpg'),
    ('030253', 'Nr. 77', 'Grid', '200', 'Copper', 'https://www.flender-flux.de/fileadmin/products/030165/2.jpg'),
    ('030090', 'Nr. 78', 'Log', '140', 'Zink Steel', 'https://www.flender-flux.de/fileadmin/products/030090/2.jpg'),
    ('030321', 'Nr. 78', 'Log', '140', 'Painted Steel', 'https://www.flender-flux.de/fileadmin/products/030321/2.jpg'),
    ('030091', 'Nr. 79', 'Log', '140', 'Zink Steel', 'https://www.flender-flux.de/fileadmin/products/030091/2.jpg'),
    ('030389', 'Nr. 79', 'Log', '140', 'Painted Steel', 'https://www.flender-flux.de/fileadmin/products/030389/2.jpg'),
    ('030370', 'Nr. 69 W', 'Tube', '32', 'Zink Steel', 'https://www.flender-flux.de/fileadmin/products/030370/2.jpg'),
    ('030372', 'Nr. 69 W', 'Tube', '32', 'Painted Steel', 'https://www.flender-flux.de/fileadmin/products/030372/2.jpg'),
    ('030371', 'Nr. 69 W', 'Tube', '32', 'Zink Steel', 'https://www.flender-flux.de/fileadmin/products/030371/2.jpg'),
    ('030373', 'Nr. 69 W', 'Tube', '32', 'Painted Steel', 'https://www.flender-flux.de/fileadmin/products/030373/2.jpg'),
    ('030430', 'Nr. 176 W', 'Grid', '250', 'Zink Steel', 'https://www.flender-flux.de/fileadmin/products/030430/2.jpg'),
    ('030431', 'Nr. 176 W', 'Grid', '250', 'Painted Steel', 'https://www.flender-flux.de/fileadmin/products/030431/2.jpg'),
    ('030432', 'Nr. 176 W', 'Grid', '250', 'Zink Steel', 'https://www.flender-flux.de/fileadmin/products/030432/2.jpg'),
    ('030433', 'Nr. 176 W', 'Grid', '250', 'Painted Steel', 'https://www.flender-flux.de/fileadmin/products/030433/2.jpg'),
    ('040248', 'Nr. 180', 'Grid', '200', 'Zink Steel', 'https://www.flender-flux.de/fileadmin/products/040248/2.jpg'),
    ('040249', 'Nr. 180', 'Grid', '200', 'Painted Steel', 'https://www.flender-flux.de/fileadmin/products/040249/2.jpg'),
    ('040250', 'Nr. 181', 'Log', '140', 'Zink Steel', 'https://www.flender-flux.de/fileadmin/products/040250/2.jpg'),
    ('040251', 'Nr. 181', 'Log', '140', 'Painted Steel', 'https://www.flender-flux.de/fileadmin/products/040251/2.jpg'),
    ('040252', 'Nr. 182', 'Tube', '32', 'Zink Steel', 'https://www.flender-flux.de/fileadmin/products/040252/2.jpg'),
    ('040253', 'Nr. 182', 'Tube', '32', 'Painted Steel', 'https://www.flender-flux.de/fileadmin/products/040253/2.jpg'),
    ('030484', 'Nr. 185', 'Grid', '200', 'Zink Steel', 'https://www.flender-flux.de/fileadmin/products/030484/2.jpg'),
    ('030485', 'Nr. 185', 'Grid', '200', 'Painted Steel', 'https://www.flender-flux.de/fileadmin/products/030485/2.jpg'),
    ('030486', 'Nr. 186', 'Tube', '32', 'Zink Steel', 'https://www.flender-flux.de/fileadmin/products/030486/2.jpg'),
    ('030487', 'Nr. 186', 'Tube', '32', 'Painted Steel', 'https://www.flender-flux.de/fileadmin/products/030487/2.jpg'),
    ('030488', 'Nr. 187', 'Log', '140', 'Zink Steel', 'https://www.flender-flux.de/fileadmin/products/030488/2.jpg'),
    ('030489', 'Nr. 187', 'Log', '140', 'Painted Steel', 'https://www.flender-flux.de/fileadmin/products/030489/2.jpg'),
    ('030473', 'Retainer Holder for 140 mm', 'Log', '140', 'Zink Steel', 'https://www.flender-flux.de/fileadmin/products/030473/2.jpg'),
    ('030445', 'Retainer holder f.Grid DECRA FL', 'Grid', '200', 'Painted Steel', 'https://www.flender-flux.de/fileadmin/products/030445/2.jpg'),
    ('030441', 'Retainer Holder 200 Quadro FL', 'Grid', '200', 'Painted Steel', 'https://www.flender-flux.de/fileadmin/products/030441/2.jpg'),
    ('030447', 'Retainer holderf.Log DECRA FL', 'Log', '140', 'Painted Steel', 'https://www.flender-flux.de/fileadmin/products/030447/2.jpg'),
    ('030446', 'Retainer holder f.Log DECRA FL', 'Log', '140', 'Zink Steel', 'https://www.flender-flux.de/fileadmin/products/030446/2.jpg'),
    ('030493', 'Retainer Holder for 1 Tube with 32 ', 'Tube', '32', 'Painted Steel', 'https://www.flender-flux.de/fileadmin/products/030493/2.jpg'),
    ('030444', 'Retainer Holder f.Grid DECRA FL', 'Grid', '200', 'Zink Steel', 'https://www.flender-flux.de/fileadmin/products/030444/2.jpg'),
    ('030440', 'Retainer Holder 200 tall Quadro FL', 'Grid', '200', 'Zink Steel', 'https://www.flender-flux.de/fileadmin/products/030440/2.jpg'),
    ('030490', 'Retainer Holder for 1 Tube with 32 mm ', 'Tube', '32', 'Zink Steel', 'https://www.flender-flux.de/fileadmin/products/030490/2.jpg'),
    ('030491', 'Retainer Holder for 2 Tubes with 32 mm ', 'Tube', '32', 'Zink Steel', 'https://www.flender-flux.de/fileadmin/products/030491/2.jpg'),
    ('030494', 'Retainer Holder for 2 Tubes with 32 mm ', 'Tube', '32', 'Painted Steel', 'https://www.flender-flux.de/fileadmin/products/030494/2.jpg'),
    ('030492', 'Retainer Holder for 3 Tubes with 32 mm ', 'Tube', '32', 'Zink Steel', 'https://www.flender-flux.de/fileadmin/products/030492/2.jpg'),
    ('030495', 'Retainer Holder for 3 Tubes with 32 mm ', 'Tube', '32', 'Painted Steel', 'https://www.flender-flux.de/fileadmin/products/030495/2.jpg'),
    ('030252', 'Clamp Raiser', 'Tube', '28', 'Copper', 'https://www.flender-flux.de/fileadmin/products/030252/2.jpg'),
    ('030286', 'Clamp Raiser', 'Tube', '32', 'Aluminium', 'https://www.flender-flux.de/fileadmin/products/030286/2.jpg'),
    ('030285', 'Snowstop Clamp', 'Tube', '32', 'Aluminium', 'https://www.flender-flux.de/fileadmin/products/030285/2.jpg'),
    ('030251', 'Snowstop Clamp', 'Tube', '28', 'Copper', 'https://www.flender-flux.de/fileadmin/products/030251/2.jpg'),
    ('030474', 'Retainer Holder for 140 mm', 'Log', '140', 'Painted Steel', 'https://www.flender-flux.de/fileadmin/products/030474/2.jpg'),
    ('030476', 'Retainer Holder 200 h', 'Grid', '200', 'Painted Steel', 'https://www.flender-flux.de/fileadmin/products/030476/2.jpg'),
    ('030475', 'Retainer Holder 200 tall', 'Grid', '200', 'Zink Steel', 'https://www.flender-flux.de/fileadmin/products/030475/2.jpg'),
    ('030477', 'Retainer Holder for 1-Tube', 'Tube', '32', 'Zink Steel', 'https://www.flender-flux.de/fileadmin/products/030477/2.jpg'),
    ('030478', 'Retainer Holder for 1-Tube', 'Tube', '32', 'Painted Steel', 'https://www.flender-flux.de/fileadmin/products/030478/2.jpg'),
    ('030471', 'Retainer Holder for 2-Tubes', 'Tube', '32', 'Zink Steel', 'https://www.flender-flux.de/fileadmin/products/030471/2.jpg'),
    ('030472', 'Retainer Holder for 2-Tubes', 'Tube', '32', 'Painted Steel', 'https://www.flender-flux.de/fileadmin/products/030472/2.jpg'),
    ('030009', 'Nr. 55', 'Grid', '200', 'Zink Steel', 'https://www.flender-flux.de/fileadmin/products/030009/2.jpg'),
    ('030204', 'Nr. 55', 'Grid', '200', 'Copper', 'https://www.flender-flux.de/fileadmin/products/030204/2.jpg'),
    ('030033', 'Nr. 60', 'Grid', '200', 'Zink Steel', 'https://www.flender-flux.de/fileadmin/products/030033/2.jpg'),
    ('030134', 'Nr. 60', 'Grid', '200', 'Painted Steel', 'https://www.flender-flux.de/fileadmin/products/030134/2.jpg'),
    ('030035', 'Nr. 60', 'Grid', '200', 'Zink Steel', 'https://www.flender-flux.de/fileadmin/products/030035/2.jpg'),
    ('030221', 'Nr. 60', 'Grid', '200', 'Copper', 'https://www.flender-flux.de/fileadmin/products/030221/2.jpg'),
    ('030034', 'Nr. 60', 'Grid', '250', 'Zink Steel', 'https://www.flender-flux.de/fileadmin/products/030034/2.jpg'),
    ('030135', 'Nr. 60', 'Grid', '250', 'Painted Steel', 'https://www.flender-flux.de/fileadmin/products/030135/2.jpg'),
    ('030241', 'Nr. 70', 'Tube', '35', 'Copper', 'https://www.flender-flux.de/fileadmin/products/030241/2.jpg'),
    ('030073', 'Nr. 72', 'Log', '140', 'Zink Steel', 'https://www.flender-flux.de/fileadmin/products/030073/2.jpg'),
    ('030154', 'Nr. 72', 'Log', '140', 'Painted Steel', 'https://www.flender-flux.de/fileadmin/products/030154/2.jpg'),
    ('030247', 'Nr. 72', 'Log', '140', 'Copper', 'https://www.flender-flux.de/fileadmin/products/030247/2.jpg'),
    ('030314', 'Nr. 69 S', 'Tube', '32', 'Zink Steel', 'https://www.flender-flux.de/fileadmin/products/030314/2.jpg'),
    ('030317', 'Nr. 69 S', 'Tube', '32', 'Painted Steel', 'https://www.flender-flux.de/fileadmin/products/030317/2.jpg'),
    ('030315', 'Nr. 75 S', 'Log', '140', 'Zink Steel', 'https://www.flender-flux.de/fileadmin/products/030315/2.jpg'),
    ('030318', 'Nr. 75 S', 'Log', '140', 'Painted Steel', 'https://www.flender-flux.de/fileadmin/products/030318/2.jpg'),
    ('030316', 'Nr. 76 S', 'Grid', '200', 'Zink Steel', 'https://www.flender-flux.de/fileadmin/products/030316/2.jpg'),
    ('030319', 'Nr. 76 S', 'Grid', '200', 'Painted Steel', 'https://www.flender-flux.de/fileadmin/products/030319/2.jpg'),
    ('030422', 'Nr. 169 S', 'Tube', '32', 'Zink Steel', 'https://www.flender-flux.de/fileadmin/products/030422/2.jpg'),
    ('030424', 'Nr. 169 S', 'Tube', '32', 'Painted Steel', 'https://www.flender-flux.de/fileadmin/products/030424/2.jpg'),
    ('030357', 'Nr. 176 S', 'Grid', '250', 'Zink Steel', 'https://www.flender-flux.de/fileadmin/products/030357/2.jpg'),
    ('030360', 'Nr. 176 S', 'Grid', '250', 'Painted Steel', 'https://www.flender-flux.de/fileadmin/products/030360/2.jpg'),
    ('030410', 'Nr. 369 S', 'Tube', '32', 'Zink Steel', 'https://www.flender-flux.de/fileadmin/products/030410/2.jpg'),
    ('030412', 'Nr. 369 S', 'Tube', '32', 'Painted Steel', 'https://www.flender-flux.de/fileadmin/products/030412/2.jpg'),
    ('030414', 'Nr. 375 S', 'Log', '140', 'Zink Steel', 'https://www.flender-flux.de/fileadmin/products/030414/2.jpg'),
    ('030416', 'Nr. 375 S', 'Log', '140', 'Painted Steel', 'https://www.flender-flux.de/fileadmin/products/030416/2.jpg'),
    ('030418', 'Nr. 376 S', 'Grid', '200', 'Zink Steel', 'https://www.flender-flux.de/fileadmin/products/030418/2.jpg'),
    ('030420', 'Nr. 376 S', 'Grid', '200', 'Painted Steel', 'https://www.flender-flux.de/fileadmin/products/030420/2.jpg'),
    ('030401', 'Nr. 165', 'Grid', '200', 'Painted Steel', 'https://www.flender-flux.de/fileadmin/products/030401/2.jpg');

INSERT INTO holder VALUES
   ('030029', 0.53, 'concreteTile'),
   ('030132', 0.53, 'concreteTile'),
   ('030218', 0.53, 'concreteTile'),
   ('030214', 0.53, 'concreteTile'),
   ('030045', 0.53, 'concreteTile'),
   ('030141', 0.53, 'concreteTile'),
   ('030231', 0.53, 'concreteTile'),
   ('030048', 0.53, 'concreteTile'),
   ('030142', 0.53, 'concreteTile'),
   ('030049', 0.53,'concreteTile'),
   ('030143', 0.53, 'concreteTile'),
   ('030234', 0.53, 'concreteTile'),
   ('030051', 0.53, 'concreteTile'),
   ('030050', 0.53, 'concreteTile'),
   ('030085', 1.80,'flatTile'),
   ('030162', 1.80, 'concreteTile'),
   ('030074', 1.59, 'concreteTile'),
   ('030155', 1.59, 'concreteTile'),
   ('030248', 1.59, 'concreteTile'),
   ('030081', 1.80, 'concreteTile'),
   ('030160', 1.80, 'concreteTile'),
   ('030084', 1.80,'flatTile'),
   ('030161', 1.80, 'concreteTile'),
   ('030087', 1.80, 'concreteTile'),
   ('030164', 1.80, 'concreteTile'),
   ('030392', 1.000, 'concreteTile'),
   ('030393', 1.000, 'concreteTile'),
   ('030394', 1.000, 'concreteTile'),
   ('030395', 1.000, 'concreteTile'),
   ('030396', 1.000, 'concreteTile'),
   ('030397', 1.000, 'concreteTile'),
   ('030018', 1.000, 'concreteTile'),
   ('030209', 1.000, 'concreteTile'),
   ('030301', 1.9, 'concreteTile'),
   ('030307', 1.9, 'concreteTile'),
   ('030304', 1.90, 'concreteTile'),
   ('030310', 1.90, 'concreteTile'),
   ('030302', 1.90, 'concreteTile'),
   ('030308', 1.90, 'concreteTile'),
   ('030305', 1.90, 'concreteTile'),
   ('030311', 1.90, 'concreteTile'),
   ('030303', 1.90, 'concreteTile'),
   ('030309', 1.90, 'concreteTile'),
   ('030374', 1.90, 'concreteTile'),
   ('030375', 1.90, 'concreteTile'),
   ('030306', 1.90, 'concreteTile'),
   ('030312', 1.90, 'concreteTile'),
   ('030376', 1.90, 'concreteTile'),
   ('030377', 1.90, 'concreteTile'),
   ('030421', 1.000, 'concreteTile'),
   ('030423', 1.000, 'concreteTile'),
   ('030409', 3.75, 'concreteTile'),
   ('030411', 3.75, 'concreteTile'),
   ('030413', 3.75, 'concreteTile'),
   ('030415', 3.75, 'concreteTile'),
   ('030417', 3.75, 'concreteTile'),
   ('030419', 3.75, 'concreteTile'),
   ('030387', 2.2, 'concreteTile'),
   ('030388', 2.2, 'concreteTile'),
   ('030094', 1.000, 'concreteTile'),
   ('030168', 1.000, 'concreteTile'),
   ('030256', 1.000, 'concreteTile'),
   ('030095', 1.000, 'concreteTile'),
   ('030169', 1.000, 'concreteTile'),
   ('030116', 1.000, 'concreteTile'),
   ('030184', 1.000, 'concreteTile'),
   ('030279', 1.000, 'concreteTile'),
   ('030428', 1.000, 'concreteTile'),
   ('030429', 1.000, 'concreteTile'),
   ('030448', 1.000, 'concreteTile'),
   ('030453', 1.000, 'concreteTile'),
   ('030449', 1.000, 'concreteTile'),
   ('030454', 1.000, 'concreteTile'),
   ('030458', 1.000, 'concreteTile'),
   ('030463', 1.000, 'concreteTile'),
   ('030459', 1.000, 'concreteTile'),
   ('030464', 1.000, 'concreteTile'),
   ('030452', 1.000, 'concreteTile'),
   ('030457', 1.000, 'concreteTile'),
   ('030451', 1.000, 'concreteTile'),
   ('030456', 1.000, 'concreteTile'),
   ('030461', 1.000, 'concreteTile'),
   ('030466', 1.000, 'concreteTile'),
   ('030450', 1.000, 'concreteTile'),
   ('030455', 1.000, 'concreteTile'),
   ('030460', 1.000, 'concreteTile'),
   ('030465', 1.000, 'concreteTile'),
   ('030092', 1.000, 'concreteTile'),
   ('030166', 1.000, 'concreteTile'),
   ('030093', 1.000, 'concreteTile'),
   ('030167', 1.000, 'concreteTile'),
   ('030115', 1.000, 'concreteTile'),
   ('030183', 1.000, 'concreteTile'),
   ('030100', 1.000, 'concreteTile'),
   ('030174', 1.000, 'concreteTile'),
   ('030101', 1.000, 'concreteTile'),
   ('030175', 1.000, 'concreteTile'),
   ('030118', 1.000, 'concreteTile'),
   ('030186', 1.000, 'concreteTile'),
   ('030096', 1.000, 'concreteTile'),
   ('030170', 1.000, 'concreteTile'),
   ('030097', 1.000, 'concreteTile'),
   ('030171', 1.000, 'concreteTile'),
   ('030117', 1.000, 'concreteTile'),
   ('030185', 1.000, 'concreteTile'),
   ('030119', 1.000, 'concreteTile'),
   ('030187', 1.000, 'concreteTile'),
   ('030089', 1.000, 'ondulatedPlate'),
   ('030165', 1.000, 'ondulatedPlate'),
   ('030253', 1.000, 'ondulatedPlate'),
   ('030090', 1.000, 'ondulatedPlate'),
   ('030321', 1.000, 'ondulatedPlate'),
   ('030091', 1.000, 'ondulatedPlate'),
   ('030389', 1.000, 'ondulatedPlate'),
   ('030370', 1.000, 'ondulatedPlate'),
   ('030372', 1.000, 'ondulatedPlate'),
   ('030371', 1.000, 'ondulatedPlate'),
   ('030373', 1.000, 'ondulatedPlate'),
   ('030430', 1.000, 'ondulatedPlate'),
   ('030431', 1.000, 'ondulatedPlate'),
   ('030432', 1.000, 'ondulatedPlate'),
   ('030433', 1.000, 'ondulatedPlate'),
   ('040248', 1.60, 'metalRoof'),
   ('040249', 1.60, 'metalRoof'),
   ('040250', 1.60, 'metalRoof'),
   ('040251', 1.60, 'metalRoof'),
   ('040252', 1.60, 'metalRoof'),
   ('040253', 1.60, 'metalRoof'),
   ('030484', 1.000, 'metalRoof'),
   ('030485', 1.000, 'metalRoof'),
   ('030486', 1.000, 'metalRoof'),
   ('030487', 1.000, 'metalRoof'),
   ('030488', 1.000, 'metalRoof'),
   ('030489', 1.000, 'metalRoof'),
   ('030473', 1.000, 'metalRoof'),
   ('030445', 1.000, 'metalRoof'),
   ('030441', 1.000, 'metalRoof'),
   ('030447', 1.000, 'metalRoof'),
   ('030446', 1.000, 'metalRoof'),
   ('030493', 1.000, 'metalRoof'),
   ('030444', 1.000, 'metalRoof'),
   ('030440', 1.000, 'metalRoof'),
   ('030490', 1.000, 'metalRoof'),
   ('030491', 1.000, 'metalRoof'),
   ('030494', 1.000, 'metalRoof'),
   ('030492', 1.000, 'metalRoof'),
   ('030495', 1.000, 'metalRoof'),
   ('030252', 1.000, 'standingSeam'),
   ('030286', 1.000, 'standingSeam'),
   ('030285', 1.000, 'standingSeam'),
   ('030251', 1.000, 'standingSeam'),
   ('030474', 1.000, 'standingSeam'),
   ('030476', 1.000, 'standingSeam'),
   ('030475', 1.000, 'standingSeam'),
   ('030477', 1.000, 'standingSeam'),
   ('030478', 1.000, 'standingSeam'),
   ('030471', 1.000, 'standingSeam'),
   ('030472', 1.000, 'standingSeam'),
   ('030009', 1.000, 'flatTile'),
   ('030204', 1.000, 'flatTile'),
   ('030033', 1.000, 'flatTile'),
   ('030134', 1.000, 'flatTile'),
   ('030035', 1.000, 'flatTile'),
   ('030221', 1.000, 'flatTile'),
   ('030034', 1.000, 'flatTile'),
   ('030135', 1.000, 'flatTile'),
   ('030241', 1.000, 'flatTile'),
   ('030073', 1.000, 'flatTile'),
   ('030154', 1.000, 'flatTile'),
   ('030247', 1.000, 'flatTile'),
   ('030314', 1.000, 'flatTile'),
   ('030317', 1.000, 'flatTile'),
   ('030315', 1.000, 'flatTile'),
   ('030318', 1.000, 'flatTile'),
   ('030316', 1.000, 'flatTile'),
   ('030319', 1.000, 'flatTile'),
   ('030422', 1.000, 'flatTile'),
   ('030424', 1.000, 'flatTile'),
   ('030357', 2.2, 'flatTile'),
   ('030360', 2.2, 'flatTile'),
   ('030410', 3.75, 'flatTile'),
   ('030412', 3.75, 'flatTile'),
   ('030414', 3.75, 'flatTile'),
   ('030416', 3.75, 'flatTile'),
   ('030418', 3.75, 'flatTile'),
   ('030420', 3.75, 'flatTile'),
   ('030401', 2.00, 'flatTile');

INSERT INTO retainer VALUES
    ('040258', '3000'),
    ('040259', '3000'),
    ('020046', '2500'),
    ('020017', '3000'),
    ('020042', '3000'),
    ('020036', '2500'),
    ('020001', '13/13/2'),
    ('020019', '13/13/2'),
    ('020027', '15/15/2'),
    ('020003', '17/17/2,5'),
    ('020020', '17/17/2,5'),
    ('020005', '20/20/2'),
    ('020006', '20/20/3'),
    ('020022', '20/20/3'),
    ('020028', '20/20/3'),
    ('020007', '20/20/3'),
    ('020023', '20/20/3'),
    ('020045', '1500'),
    ('020039', '3000'),
    ('020040', '3000');

INSERT INTO retainer_resistance VALUES
   ('040258', 37.5,31.6,25.7,19.8,13.9,11.2,8.5),
   ('040259', 37.5,31.6,25.7,19.8,13.9,11.2,8.5),
   ('020046', 24.0,12.5,7.1,5.2,3.5,2.4,1.8),
   ('020017', 30.0,24.0,18.2,12.3,6.4,3.7,2.0),
   ('020042', 30.0,24.0,18.2,12.3,6.4,3.7,2.0),
   ('020036', 24.0,12.5,7.1,5.2,3.5,2.4,1.8),
   ('020001', 4.5,2.6,1.6,0.9,0.7,0.4,0.3),
   ('020019', 4.5,2.6,1.6,0.9,0.7,0.4,0.3),
   ('020027', 6.1,3.7,2.2,1.7,1.2,0.8,0.6),
   ('020003', 10.5,6.6,4.1,2.9,2.2,1.5,1.2),
   ('020020', 10.5,6.6,4.1,2.9,2.2,1.5,1.2),
   ('020005', 12.9,7.9,4.8,3.6,1.9,1.3,1.0),
   ('020006', 13.9,9.0,5.9,4.2,3.2,2.2,1.6),
   ('020022', 13.9,9.0,5.9,4.2,3.2,2.2,1.6),
   ('020028', 11.2,7.1,4.4,2.9,2.2,1.6,1.2),
   ('020007', 13.9,9.0,5.9,4.2,3.2,2.2,1.6),
   ('020023', 13.9,9.0,5.9,4.2,3.2,2.2,1.6),
   ('020045', 12.9,7.9,4.8,3.6,1.9,1.3,1.0),
   ('020039', 12.9,7.9,4.8,3.6,1.9,1.3,1.0),
   ('020040', 12.9,7.9,4.8,3.6,1.9,1.3,1.0);
